Country,Code,Year,PopMale,PopFemale,PopTotal,PopDensity,Continent
Afghanistan,AFG,2019,19529.727,18512.03,38041.757,58.269,Asia
Afghanistan,AFG,2020,19976.265,18952.076,38928.341,59.627,Asia
Africa,NA,2019,653513.68,654550.496,1308064.176,44.119,Africa
Africa,NA,2020,669878.34,670719.773,1340598.113,45.216,Africa
Albania,ALB,2019,1466.785,1414.128,2880.913,105.143,Europe
Albania,ALB,2020,1464.714,1413.086,2877.8,105.029,Europe
Algeria,DZA,2019,21749.666,21303.388,43053.054,18.076,Africa
Algeria,DZA,2020,22153.808,21697.235,43851.043,18.411,Africa
American Samoa,ASM,2019,NA,NA,55.312,276.56,Oceania
American Samoa,ASM,2020,NA,NA,55.197,275.985,Oceania
Andorra,AND,2019,NA,NA,77.146,164.14,Europe
Andorra,AND,2020,NA,NA,77.265,164.394,Europe
Angola,AGO,2019,15744.779,16080.52,31825.299,25.528,Africa
Angola,AGO,2020,16260.87,16605.398,32866.268,26.363,Africa
Anguilla,AIA,2019,NA,NA,14.872,165.244,Americas
Anguilla,AIA,2020,NA,NA,15.002,166.689,Americas
Antigua & Barbuda,ATG,2019,46.851,50.264,97.115,220.716,Americas
Antigua & Barbuda,ATG,2020,47.269,50.659,97.928,222.564,Americas
Argentina,ARG,2019,21841.415,22939.26,44780.675,16.363,Americas
Argentina,ARG,2020,22049.146,23146.631,45195.777,16.515,Americas
Armenia,ARM,2019,1391.269,1566.459,2957.728,103.889,Asia
Armenia,ARM,2020,1393.747,1569.487,2963.234,104.083,Asia
Aruba,ABW,2019,50.443,55.867,106.31,590.611,Americas
Aruba,ABW,2020,50.642,56.124,106.766,593.144,Americas
Asia,NA,2019,2353466.245,2247905.021,4601371.266,148.273,Asia
Asia,NA,2020,2373462.035,2267592.751,4641054.786,149.552,Asia
Australia,AUS,2019,12551.311,12651.889,25203.2,3.281,Oceania
Australia,AUS,2020,12698.625,12801.256,25499.881,3.319,Oceania
Austria,AUT,2019,4409.38,4545.728,8955.108,108.667,Europe
Austria,AUT,2020,4439.691,4566.709,9006.4,109.289,Europe
Azerbaijan,AZE,2019,5015.834,5031.885,10047.719,121.558,Asia
Azerbaijan,AZE,2020,5064.664,5074.511,10139.175,122.664,Asia
Bahamas,BHS,2019,189.23,200.256,389.486,38.91,Americas
Bahamas,BHS,2020,191.093,202.155,393.248,39.286,Americas
Bahrain,BHR,2019,1054.797,586.367,1641.164,2159.426,Asia
Bahrain,BHR,2020,1100.474,601.109,1701.583,2238.925,Asia
Bangladesh,BGD,2019,82473.791,80572.382,163046.173,1252.563,Asia
Bangladesh,BGD,2020,83259.108,81430.275,164689.383,1265.187,Asia
Barbados,BRB,2019,138.813,148.208,287.021,667.491,Americas
Barbados,BRB,2020,139.084,148.287,287.371,668.305,Americas
Belarus,BLR,2019,4399.913,5052.496,9452.409,46.584,Europe
Belarus,BLR,2020,4399.367,5049.954,9449.321,46.569,Europe
Belgium,BEL,2019,5711.479,5827.847,11539.326,381.087,Europe
Belgium,BEL,2020,5744.335,5845.281,11589.616,382.748,Europe
Belize,BLZ,2019,194.281,196.07,390.351,17.113,Americas
Belize,BLZ,2020,197.761,199.86,397.621,17.432,Americas
Benin,BEN,2019,5891.256,5909.895,11801.151,104.657,Africa
Benin,BEN,2020,6054.248,6068.95,12123.198,107.513,Africa
Bermuda,BMU,2019,NA,NA,62.508,1250.16,Americas
Bermuda,BMU,2020,NA,NA,62.273,1245.46,Americas
Bhutan,BTN,2019,405.032,358.062,763.094,20.02,Asia
Bhutan,BTN,2020,410.087,361.525,771.612,20.243,Asia
Bolivia,BOL,2019,5779.611,5733.491,11513.102,10.628,Americas
Bolivia,BOL,2020,5858.019,5815.01,11673.029,10.775,Americas
Caribbean Netherlands,BES,2019,NA,NA,25.983,79.216,Americas
Caribbean Netherlands,BES,2020,NA,NA,26.221,79.942,Americas
Bosnia & Herzegovina,BIH,2019,1616.799,1684.199,3300.998,64.725,Europe
Bosnia & Herzegovina,BIH,2020,1606.609,1674.206,3280.815,64.33,Europe
Botswana,BWA,2019,1114.116,1189.587,2303.703,4.065,Africa
Botswana,BWA,2020,1139.099,1212.526,2351.625,4.149,Africa
Brazil,BRA,2019,103733.16,107316.359,211049.519,25.251,Americas
Brazil,BRA,2020,104435.783,108123.626,212559.409,25.431,Americas
British Virgin Islands,VGB,2019,NA,NA,30.033,200.22,Americas
British Virgin Islands,VGB,2020,NA,NA,30.237,201.58,Americas
Brunei,BRN,2019,224.982,208.314,433.296,82.219,Asia
Brunei,BRN,2020,226.987,210.496,437.483,83.014,Asia
Bulgaria,BGR,2019,3400.054,3600.063,7000.117,64.482,Europe
Bulgaria,BGR,2020,3374.121,3574.324,6948.445,64.006,Europe
Burkina Faso,BFA,2019,10147.774,10173.609,20321.383,74.274,Africa
Burkina Faso,BFA,2020,10444.713,10458.565,20903.278,76.401,Africa
Burundi,BDI,2019,5718.988,5811.589,11530.577,449.01,Africa
Burundi,BDI,2020,5899.864,5990.917,11890.781,463.037,Africa
Cape Verde,CPV,2019,276.036,273.9,549.936,136.461,Africa
Cape Verde,CPV,2020,279.117,276.871,555.988,137.962,Africa
Cambodia,KHM,2019,8047.364,8439.178,16486.542,93.398,Asia
Cambodia,KHM,2020,8162.424,8556.547,16718.971,94.714,Asia
Cameroon,CMR,2019,12939.928,12936.459,25876.387,54.741,Africa
Cameroon,CMR,2020,13277.075,13268.789,26545.864,56.157,Africa
Canada,CAN,2019,18563.538,18847.5,37411.038,4.114,Americas
Canada,CAN,2020,18732.178,19009.979,37742.157,4.15,Americas
Cayman Islands,CYM,2019,NA,NA,64.948,270.617,Americas
Cayman Islands,CYM,2020,NA,NA,65.72,273.833,Americas
Central African Republic,CAF,2019,2351.973,2393.206,4745.179,7.617,Africa
Central African Republic,CAF,2020,2394.042,2435.722,4829.764,7.753,Africa
Central America,NA,2019,87024.928,90561.597,177586.525,72.417,Central America
Central America,NA,2020,88051.465,91618.721,179670.186,73.267,Central America
Chad,TCD,2019,7960.522,7986.36,15946.882,12.664,Africa
Chad,TCD,2020,8200.17,8225.689,16425.859,13.045,Africa
Chile,CHL,2019,9341.774,9610.261,18952.035,25.489,Americas
Chile,CHL,2020,9425.669,9690.54,19116.209,25.71,Americas
China,CHN,2019,735624.259,698159.433,1433783.692,152.722,Asia
China,CHN,2020,738247.34,701076.434,1439323.774,153.312,Asia
China,CHN,2019,751174.575,714459.601,1465634.176,155.51,Asia
China,CHN,2020,753833.419,717453.46,1471286.879,156.11,Asia
Hong Kong SAR China,HKG,2019,3418.487,4017.67,7436.157,7082.054,Asia
Hong Kong SAR China,HKG,2020,3439.666,4057.322,7496.988,7139.989,Asia
Macau SAR China,MAC,2019,307.706,332.74,640.446,21419.599,Asia
Macau SAR China,MAC,2020,312.1,337.242,649.342,21717.124,Asia
Taiwan,TWN,2019,11824.123,11949.758,23773.881,671.389,Asia
Taiwan,TWN,2020,11834.313,11982.462,23816.775,672.6,Asia
Colombia,COL,2019,24713.193,25626.25,50339.443,45.371,Americas
Colombia,COL,2020,24984.564,25898.32,50882.884,45.861,Americas
Comoros,COM,2019,429.21,421.681,850.891,457.222,Africa
Comoros,COM,2020,438.653,430.942,869.595,467.273,Africa
Congo - Brazzaville,COG,2019,2687.358,2693.146,5380.504,15.756,Africa
Congo - Brazzaville,COG,2020,2756.678,2761.414,5518.092,16.158,Africa
Cook Islands,COK,2019,NA,NA,17.547,73.112,Oceania
Cook Islands,COK,2020,NA,NA,17.564,73.183,Oceania
Costa Rica,CRI,2019,2522.539,2525.022,5047.561,98.855,Americas
Costa Rica,CRI,2020,2545.076,2549.038,5094.114,99.767,Americas
Côte d’Ivoire,CIV,2019,12974.206,12742.348,25716.554,80.87,Africa
Côte d’Ivoire,CIV,2020,13300.38,13077.895,26378.275,82.951,Africa
Croatia,HRV,2019,1990.015,2140.284,4130.299,73.808,Europe
Croatia,HRV,2020,1979.292,2125.976,4105.268,73.361,Europe
Cuba,CUB,2019,5627.928,5705.556,11333.484,106.478,Americas
Cuba,CUB,2020,5623.468,5703.148,11326.616,106.413,Americas
Curaçao,CUW,2019,75.084,88.339,163.423,368.07,Americas
Curaçao,CUW,2020,75.469,88.631,164.1,369.595,Americas
Cyprus,CYP,2019,599.297,599.277,1198.574,129.716,Asia
Cyprus,CYP,2020,603.514,603.847,1207.361,130.667,Asia
Czechia,CZE,2019,5260.628,5428.585,10689.213,138.39,Europe
Czechia,CZE,2020,5272.522,5436.46,10708.982,138.646,Europe
Congo - Kinshasa,COD,2019,43319.103,43471.465,86790.568,38.283,Africa
Congo - Kinshasa,COD,2020,44710.172,44851.232,89561.404,39.506,Africa
North Korea,PRK,2019,12552.762,13113.396,25666.158,213.156,Asia
North Korea,PRK,2020,12608.379,13170.436,25778.815,214.092,Asia
Denmark,DNK,2019,2869.672,2902.205,5771.877,136.033,Europe
Denmark,DNK,2020,2879.361,2912.842,5792.203,136.512,Europe
Denmark,DNK,2019,2924.819,2952.395,5877.214,12.938,Europe
Denmark,DNK,2020,2934.591,2963.249,5897.84,12.983,Europe
Djibouti,DJI,2019,511.947,461.61,973.557,42,Africa
Djibouti,DJI,2020,518.993,469.009,988.002,42.623,Africa
Dominica,DMA,2019,NA,NA,71.808,95.744,Americas
Dominica,DMA,2020,NA,NA,71.991,95.988,Americas
Dominican Republic,DOM,2019,5366.198,5372.759,10738.957,222.247,Americas
Dominican Republic,DOM,2020,5418.206,5429.698,10847.904,224.501,Americas
Ecuador,ECU,2019,8690.487,8683.17,17373.657,69.954,Americas
Ecuador,ECU,2020,8823.827,8819.233,17643.06,71.038,Americas
Egypt,EGY,2019,50722.599,49665.477,100388.076,100.847,Africa
Egypt,EGY,2020,51702.862,50631.541,102334.403,102.802,Africa
El Salvador,SLV,2019,3023.353,3430.197,6453.55,311.465,Americas
El Salvador,SLV,2020,3036.424,3449.777,6486.201,313.041,Americas
Equatorial Guinea,GNQ,2019,753.823,602.159,1355.982,48.342,Africa
Equatorial Guinea,GNQ,2020,780.38,622.605,1402.985,50.017,Africa
Eritrea,ERI,2019,1752.711,1744.406,3497.117,34.625,Africa
Eritrea,ERI,2020,1777.548,1768.879,3546.427,35.113,Africa
Estonia,EST,2019,626.626,699.023,1325.649,31.273,Europe
Estonia,EST,2020,628.456,698.083,1326.539,31.294,Europe
Swaziland,SWZ,2019,562.79,585.343,1148.133,66.752,Africa
Swaziland,SWZ,2020,570.236,589.928,1160.164,67.451,Africa
Ethiopia,ETH,2019,56069.008,56009.719,112078.727,112.079,Africa
Ethiopia,ETH,2020,57516.835,57446.748,114963.583,114.964,Africa
Europe,NA,2019,360711.588,386471.227,747182.815,33.756,Europe
Europe,NA,2020,361060.973,386575.072,747636.045,33.776,Europe
Falkland Islands,FLK,2019,NA,NA,3.372,0.277,Americas
Falkland Islands,FLK,2020,NA,NA,3.483,0.286,Americas
Faroe Islands,FRO,2019,NA,NA,48.677,34.869,Europe
Faroe Islands,FRO,2020,NA,NA,48.865,35.004,Europe
Fiji,FJI,2019,450.959,438.996,889.955,48.711,Oceania
Fiji,FJI,2020,454.018,442.426,896.444,49.066,Oceania
Finland,FIN,2019,2727.21,2804.949,5532.159,18.204,Europe
Finland,FIN,2020,2732.406,2808.312,5540.718,18.233,Europe
France,FRA,2019,31524.494,33605.237,65129.731,118.946,Europe
France,FRA,2020,31589.195,33684.317,65273.512,119.209,Europe
French Guiana,GUF,2019,143.766,147.057,290.823,3.538,Americas
French Guiana,GUF,2020,147.75,150.932,298.682,3.634,Americas
French Polynesia,PYF,2019,141.492,137.793,279.285,76.307,Oceania
French Polynesia,PYF,2020,142.261,138.643,280.904,76.75,Oceania
Gabon,GAB,2019,1106.192,1066.386,2172.578,8.432,Africa
Gabon,GAB,2020,1132.854,1092.874,2225.728,8.638,Africa
Gambia,GMB,2019,1164.364,1183.332,2347.696,231.986,Africa
Gambia,GMB,2020,1198.54,1218.124,2416.664,238.801,Africa
Georgia,GEO,2019,1905.743,2091.019,3996.762,57.516,Asia
Georgia,GEO,2020,1901.227,2087.948,3989.175,57.406,Asia
Germany,DEU,2019,41249.115,42267.931,83517.046,239.606,Europe
Germany,DEU,2020,41415.911,42368.034,83783.945,240.372,Europe
Ghana,GHA,2019,15416.086,15001.772,30417.858,133.681,Africa
Ghana,GHA,2020,15749.999,15322.946,31072.945,136.56,Africa
Gibraltar,GIB,2019,NA,NA,33.706,3370.6,Europe
Gibraltar,GIB,2020,NA,NA,33.691,3369.1,Europe
Greece,GRC,2019,5140.52,5332.932,10473.452,81.253,Europe
Greece,GRC,2020,5115.826,5307.23,10423.056,80.862,Europe
Greenland,GRL,2019,NA,NA,56.66,0.138,Americas
Greenland,GRL,2020,NA,NA,56.772,0.138,Americas
Grenada,GRD,2019,56.426,55.576,112.002,329.418,Americas
Grenada,GRD,2020,56.666,55.853,112.519,330.938,Americas
Guadeloupe,GLP,2019,184.686,215.362,400.048,245.73,Americas
Guadeloupe,GLP,2020,184.556,215.571,400.127,245.778,Americas
Guam,GUM,2019,84.437,82.858,167.295,309.806,Oceania
Guam,GUM,2020,85.14,83.643,168.783,312.561,Oceania
Guatemala,GTM,2019,8659.95,8921.526,17581.476,164.068,Americas
Guatemala,GTM,2020,8827.109,9088.458,17915.567,167.185,Americas
Guinea,GIN,2019,6166.075,6605.171,12771.246,51.975,Africa
Guinea,GIN,2020,6353.234,6779.558,13132.792,53.446,Africa
Guinea-Bissau,GNB,2019,938.863,982.054,1920.917,68.311,Africa
Guinea-Bissau,GNB,2020,962.695,1005.303,1967.998,69.986,Africa
Guyana,GUY,2019,393.271,389.504,782.775,3.977,Americas
Guyana,GUY,2020,395.549,391.01,786.559,3.996,Americas
Haiti,HTI,2019,5557.596,5705.483,11263.079,408.675,Americas
Haiti,HTI,2020,5626.445,5776.088,11402.533,413.735,Americas
Vatican City,VAT,2019,NA,NA,0.815,1852.273,Europe
Vatican City,VAT,2020,NA,NA,0.809,1838.636,Europe
Honduras,HND,2019,4868.994,4877.121,9746.115,87.104,Americas
Honduras,HND,2020,4948.88,4955.728,9904.608,88.521,Americas
Hungary,HUN,2019,4608.25,5076.43,9684.68,106.978,Europe
Hungary,HUN,2020,4598.288,5062.062,9660.35,106.709,Europe
Iceland,ISL,2019,170.23,168.807,339.037,3.382,Europe
Iceland,ISL,2020,171.405,169.845,341.25,3.404,Europe
India,IND,2019,710129.572,656288.184,1366417.756,459.58,Asia
India,IND,2020,717100.97,662903.415,1380004.385,464.149,Asia
Indonesia,IDN,2019,136269.761,134355.806,270625.567,149.387,Asia
Indonesia,IDN,2020,137717.861,135805.76,273523.621,150.987,Asia
Iran,IRN,2019,41889.89,41024.003,82913.893,50.913,Asia
Iran,IRN,2020,42408.406,41584.547,83992.953,51.575,Asia
Iraq,IRQ,2019,19891.814,19417.975,39309.789,90.509,Asia
Iraq,IRQ,2020,20357.778,19864.725,40222.503,92.61,Asia
Ireland,IRL,2019,2422.418,2460.08,4882.498,70.874,Europe
Ireland,IRL,2020,2451.349,2486.447,4937.796,71.677,Europe
Isle of Man,IMN,2019,NA,NA,84.589,148.402,Europe
Isle of Man,IMN,2020,NA,NA,85.032,149.179,Europe
Israel,ISR,2019,4237.327,4282.046,8519.373,393.686,Asia
Israel,ISR,2020,4308.117,4347.424,8655.541,399.979,Asia
Italy,ITA,2019,29461.035,31089.057,60550.092,205.855,Europe
Italy,ITA,2020,29437.725,31024.103,60461.828,205.555,Europe
Jamaica,JAM,2019,1463.72,1484.557,2948.277,272.232,Americas
Jamaica,JAM,2020,1469.641,1491.52,2961.161,273.422,Americas
Japan,JPN,2019,61950.31,64909.989,126860.299,347.987,Asia
Japan,JPN,2020,61753.045,64723.413,126476.458,346.934,Asia
Jordan,JOR,2019,5113.215,4988.482,10101.697,113.783,Asia
Jordan,JOR,2020,5165.979,5037.161,10203.14,114.926,Asia
Kazakhstan,KAZ,2019,8999.754,9551.674,18551.428,6.872,Asia
Kazakhstan,KAZ,2020,9112.939,9663.768,18776.707,6.955,Asia
Kenya,KEN,2019,26122.382,26451.585,52573.967,92.374,Africa
Kenya,KEN,2020,26718.527,27052.773,53771.3,94.478,Africa
Kiribati,KIR,2019,57.822,59.786,117.608,145.195,Oceania
Kiribati,KIR,2020,58.744,60.702,119.446,147.464,Oceania
Kuwait,KWT,2019,2563.055,1644.022,4207.077,236.087,Asia
Kuwait,KWT,2020,2614.446,1656.117,4270.563,239.65,Asia
Kyrgyzstan,KGZ,2019,3173.902,3241.949,6415.851,33.451,Asia
Kyrgyzstan,KGZ,2020,3227.27,3296.921,6524.191,34.016,Asia
Laos,LAO,2019,3599.028,3570.428,7169.456,31.064,Asia
Laos,LAO,2020,3651.794,3623.762,7275.556,31.523,Asia
Latvia,LVA,2019,877.948,1028.792,1906.74,30.655,Europe
Latvia,LVA,2020,869.336,1016.866,1886.202,30.325,Europe
Lebanon,LBN,2019,3449.246,3406.463,6855.709,670.157,Asia
Lebanon,LBN,2020,3435.746,3389.696,6825.442,667.199,Asia
Lesotho,LSO,2019,1047.944,1077.323,2125.267,70.002,Africa
Lesotho,LSO,2020,1056.95,1085.302,2142.252,70.562,Africa
China,CHN,2019,2518843.362,2458360.347,4977203.709,69.541,Asia
China,CHN,2020,2555677.206,2494530.383,5050207.589,70.561,Asia
Liberia,LBR,2019,2481.116,2456.258,4937.374,51.26,Africa
Liberia,LBR,2020,2542.539,2515.138,5057.677,52.509,Africa
Libya,LBY,2019,3422.619,3354.834,6777.453,3.852,Africa
Libya,LBY,2020,3468.737,3402.55,6871.287,3.905,Africa
Liechtenstein,LIE,2019,NA,NA,38.02,237.625,Europe
Liechtenstein,LIE,2020,NA,NA,38.137,238.356,Europe
Lithuania,LTU,2019,1276.477,1483.154,2759.631,44.032,Europe
Lithuania,LTU,2020,1259.987,1462.304,2722.291,43.436,Europe
Luxembourg,LUX,2019,311.11,304.62,615.73,237.734,Europe
Luxembourg,LUX,2020,316.587,309.389,625.976,241.69,Europe
Madagascar,MDG,2019,13452.929,13516.377,26969.306,46.355,Africa
Madagascar,MDG,2020,13814.619,13876.4,27691.019,47.596,Africa
Malawi,MWI,2019,9185.278,9443.471,18628.749,197.59,Africa
Malawi,MWI,2020,9434.037,9695.918,19129.955,202.906,Africa
Malaysia,MYS,2019,16423.164,15526.625,31949.789,97.245,Asia
Malaysia,MYS,2020,16630.813,15735.185,32365.998,98.512,Asia
Maldives,MDV,2019,336.07,194.887,530.957,1769.857,Asia
Maldives,MDV,2020,342.928,197.614,540.542,1801.807,Asia
Mali,MLI,2019,9844.537,9813.486,19658.023,16.111,Africa
Mali,MLI,2020,10145.174,10105.66,20250.834,16.596,Africa
Malta,MLT,2019,220.783,219.594,440.377,1376.178,Europe
Malta,MLT,2020,221.42,220.119,441.539,1379.809,Europe
Marshall Islands,MHL,2019,NA,NA,58.791,326.617,Oceania
Marshall Islands,MHL,2020,NA,NA,59.194,328.856,Oceania
Martinique,MTQ,2019,172.972,202.585,375.557,354.299,Americas
Martinique,MTQ,2020,172.607,202.658,375.265,354.024,Americas
Mauritania,MRT,2019,2271.843,2253.855,4525.698,4.391,Africa
Mauritania,MRT,2020,2334.981,2314.679,4649.66,4.511,Africa
Mauritius,MUS,2019,626.971,642.699,1269.67,625.453,Africa
Mauritius,MUS,2020,627.48,644.287,1271.767,626.486,Africa
Mayotte,MYT,2019,130.865,135.288,266.153,709.741,Africa
Mayotte,MYT,2020,134.159,138.654,272.813,727.501,Africa
Mexico,MEX,2019,62403.393,65172.136,127575.529,65.627,Americas
Mexico,MEX,2020,63071.486,65861.267,128932.753,66.325,Americas
Micronesia (Federated States of),FSM,2019,57.867,55.944,113.811,162.587,Oceania
Micronesia (Federated States of),FSM,2020,58.48,56.541,115.021,164.316,Oceania
Monaco,MCO,2019,NA,NA,38.967,26152.349,Europe
Monaco,MCO,2020,NA,NA,39.244,26338.255,Europe
Mongolia,MNG,2019,1589.932,1635.234,3225.166,2.076,Asia
Mongolia,MNG,2020,1615.039,1663.253,3278.292,2.11,Asia
Montenegro,MNE,2019,310.506,317.482,627.988,46.691,Europe
Montenegro,MNE,2020,310.563,317.499,628.062,46.696,Europe
Montserrat,MSR,2019,NA,NA,4.991,49.91,Americas
Montserrat,MSR,2020,NA,NA,4.999,49.99,Americas
Morocco,MAR,2019,18093.063,18378.703,36471.766,81.72,Africa
Morocco,MAR,2020,18316.887,18593.671,36910.558,82.703,Africa
Mozambique,MOZ,2019,14745.851,15620.192,30366.043,38.615,Africa
Mozambique,MOZ,2020,15188.235,16067.2,31255.435,39.746,Africa
Myanmar (Burma),MMR,2019,26044.666,28000.756,54045.422,82.728,Asia
Myanmar (Burma),MMR,2020,26220.19,28189.604,54409.794,83.286,Asia
Namibia,NAM,2019,1208.862,1285.662,2494.524,3.03,Africa
Namibia,NAM,2020,1231.683,1309.233,2540.916,3.086,Africa
Nauru,NRU,2019,NA,NA,10.764,538.2,Oceania
Nauru,NRU,2020,NA,NA,10.834,541.7,Oceania
Nepal,NPL,2019,13046.953,15561.762,28608.715,199.572,Asia
Nepal,NPL,2020,13348.435,15788.373,29136.808,203.256,Asia
Netherlands,NLD,2019,8514.835,8582.288,17097.123,507.032,Europe
Netherlands,NLD,2020,8537.145,8597.728,17134.873,508.152,Europe
Netherlands,NLD,2019,8674.191,8761.037,17435.228,502.369,Europe
Netherlands,NLD,2020,8697.423,8777.419,17474.842,503.511,Europe
New Caledonia,NCL,2019,142.226,140.531,282.757,15.468,Oceania
New Caledonia,NCL,2020,143.498,141.993,285.491,15.618,Oceania
New Zealand,NZL,2019,2351.162,2431.9,4783.062,18.165,Oceania
New Zealand,NZL,2020,2370.163,2452.07,4822.233,18.314,Oceania
New Zealand,NZL,2019,2361.203,2442.35,4803.553,18.208,Oceania
New Zealand,NZL,2020,2380.208,2462.557,4842.765,18.356,Oceania
Nicaragua,NIC,2019,3225.984,3319.519,6545.503,54.392,Americas
Nicaragua,NIC,2020,3264.849,3359.705,6624.554,55.049,Americas
Niger,NER,2019,11714.461,11596.258,23310.719,18.403,Africa
Niger,NER,2020,12170.165,12036.471,24206.636,19.11,Africa
Nigeria,NGA,2019,101831.874,99131.729,200963.603,220.652,Africa
Nigeria,NGA,2020,104469.637,101669.95,206139.587,226.336,Africa
Niue,NIU,2019,NA,NA,1.614,6.208,Oceania
Niue,NIU,2020,NA,NA,1.618,6.223,Oceania
Northern Mariana Islands,MNP,2019,NA,NA,57.213,124.376,Oceania
Northern Mariana Islands,MNP,2020,NA,NA,57.557,125.124,Oceania
Macedonia,MKD,2019,1042.305,1041.153,2083.458,82.611,Europe
Macedonia,MKD,2020,1042.131,1041.249,2083.38,82.608,Europe
Norway,NOR,2019,2716.812,2662.047,5378.859,14.726,Europe
Norway,NOR,2020,2739.983,2681.259,5421.242,14.842,Europe
Oceania,NA,2019,21087.667,21040.381,42128.048,4.964,Oceania
Oceania,NA,2020,21363.329,21314.48,42677.809,5.029,Oceania
Oman,OMN,2019,3284.448,1690.544,4974.992,16.074,Asia
Oman,OMN,2020,3370.23,1736.392,5106.622,16.5,Asia
Pakistan,PAK,2019,111447.581,105117.736,216565.317,280.933,Asia
Pakistan,PAK,2020,113672.007,107220.324,220892.331,286.546,Asia
Palau,PLW,2019,NA,NA,18.001,39.133,Oceania
Palau,PLW,2020,NA,NA,18.092,39.33,Oceania
Panama,PAN,2019,2126.434,2120.006,4246.44,57.122,Americas
Panama,PAN,2020,2159.88,2154.888,4314.768,58.041,Americas
Papua New Guinea,PNG,2019,4480.011,4296.108,8776.119,19.379,Oceania
Papua New Guinea,PNG,2020,4568.072,4378.955,8947.027,19.757,Oceania
Paraguay,PRY,2019,3580.888,3463.751,7044.639,17.731,Americas
Paraguay,PRY,2020,3624.36,3508.17,7132.53,17.953,Americas
Peru,PER,2019,16148.241,16362.221,32510.462,25.399,Americas
Peru,PER,2020,16378.606,16593.24,32971.846,25.759,Americas
Philippines,PHL,2019,54316.072,53800.55,108116.622,362.601,Asia
Philippines,PHL,2020,55028.825,54552.26,109581.085,367.512,Asia
Poland,POL,2019,18360.539,19527.232,37887.771,123.723,Europe
Poland,POL,2020,18337.883,19508.722,37846.605,123.589,Europe
Portugal,PRT,2019,4836.674,5389.504,10226.178,111.652,Europe
Portugal,PRT,2020,4824.034,5372.673,10196.707,111.33,Europe
Puerto Rico,PRI,2019,1391.966,1541.438,2933.404,330.711,Americas
Puerto Rico,PRI,2020,1355.518,1505.322,2860.84,322.53,Americas
Qatar,QAT,2019,2133.521,698.55,2832.071,243.934,Asia
Qatar,QAT,2020,2165.135,715.925,2881.06,248.153,Asia
South Korea,KOR,2019,25649.457,25575.864,51225.321,526.847,Asia
South Korea,KOR,2020,25665.854,25603.329,51269.183,527.298,Asia
Moldova,MDA,2019,1937.848,2105.41,4043.258,123.082,Europe
Moldova,MDA,2020,1931.953,2102.01,4033.963,122.799,Europe
Réunion,REU,2019,430.284,458.648,888.932,355.573,Africa
Réunion,REU,2020,433.301,462.007,895.308,358.123,Africa
Romania,ROU,2019,9418.287,9946.271,19364.558,84.132,Europe
Romania,ROU,2020,9353.912,9883.77,19237.682,83.58,Europe
Russia,RUS,2019,67602.94,78269.32,145872.26,8.907,Europe
Russia,RUS,2020,67640.299,78294.161,145934.46,8.911,Europe
Rwanda,RWA,2019,6206.086,6420.852,12626.938,511.834,Africa
Rwanda,RWA,2020,6367.431,6584.778,12952.209,525.019,Africa
St. Barthélemy,BLM,2019,NA,NA,9.853,447.864,Americas
St. Barthélemy,BLM,2020,NA,NA,9.885,449.318,Americas
St. Helena,SHN,2019,NA,NA,6.061,15.541,Africa
St. Helena,SHN,2020,NA,NA,6.071,15.567,Africa
St. Kitts & Nevis,KNA,2019,NA,NA,52.834,203.208,Americas
St. Kitts & Nevis,KNA,2020,NA,NA,53.192,204.585,Americas
St. Lucia,LCA,2019,90.021,92.774,182.795,299.664,Americas
St. Lucia,LCA,2020,90.422,93.207,183.629,301.031,Americas
Saint Martin (French part),MAF,2019,NA,NA,38.002,717.019,Americas
Saint Martin (French part),MAF,2020,NA,NA,38.659,729.415,Americas
St. Pierre & Miquelon,SPM,2019,NA,NA,5.821,25.309,Americas
St. Pierre & Miquelon,SPM,2020,NA,NA,5.795,25.196,Americas
St. Vincent & Grenadines,VCT,2019,56.097,54.496,110.593,283.572,Americas
St. Vincent & Grenadines,VCT,2020,56.218,54.729,110.947,284.479,Americas
Samoa,WSM,2019,102.004,95.089,197.093,69.644,Oceania
Samoa,WSM,2020,102.703,95.707,198.41,70.11,Oceania
San Marino,SMR,2019,NA,NA,33.864,564.4,Europe
San Marino,SMR,2020,NA,NA,33.938,565.633,Europe
São Tomé & Príncipe,STP,2019,107.611,107.437,215.048,224.008,Africa
São Tomé & Príncipe,STP,2020,109.675,109.486,219.161,228.293,Africa
Saudi Arabia,SAU,2019,19783.532,14484.997,34268.529,15.941,Asia
Saudi Arabia,SAU,2020,20131.308,14682.559,34813.867,16.195,Asia
Senegal,SEN,2019,7946.433,8349.929,16296.362,84.643,Africa
Senegal,SEN,2020,8170.785,8573.145,16743.93,86.968,Africa
Serbia,SRB,2019,4297.444,4474.784,8772.228,100.3,Europe
Serbia,SRB,2020,4279.651,4457.719,8737.37,99.901,Europe
Seychelles,SYC,2019,50.167,47.574,97.741,212.48,Africa
Seychelles,SYC,2020,50.439,47.901,98.34,213.783,Africa
China,CHN,2019,8421.2,7569.584,15990.784,37.205,Asia
China,CHN,2020,8557.894,7668.952,16226.846,37.754,Asia
Sierra Leone,SLE,2019,3898.35,3914.857,7813.207,108.246,Africa
Sierra Leone,SLE,2020,3981.239,3995.746,7976.985,110.515,Africa
Singapore,SGP,2019,3038.226,2766.117,5804.343,8291.919,Asia
Singapore,SGP,2020,3062.257,2788.086,5850.343,8357.633,Asia
Sint Maarten,SXM,2019,NA,NA,42.389,1246.735,Americas
Sint Maarten,SXM,2020,NA,NA,42.882,1261.235,Americas
Slovakia,SVK,2019,2656.513,2800.499,5457.012,113.48,Europe
Slovakia,SVK,2020,2658.479,2801.164,5459.643,113.534,Europe
Slovenia,SVN,2019,1034.684,1043.97,2078.654,103.21,Europe
Slovenia,SVN,2020,1035.23,1043.702,2078.932,103.224,Europe
Solomon Islands,SLB,2019,340.582,329.239,669.821,23.931,Oceania
Solomon Islands,SLB,2020,349.262,337.616,686.878,24.54,Oceania
Somalia,SOM,2019,7700.196,7742.71,15442.906,24.616,Africa
Somalia,SOM,2020,7924.087,7969.132,15893.219,25.334,Africa
South Africa,ZAF,2019,28859.302,29698.965,58558.267,48.272,Africa
South Africa,ZAF,2020,29216.012,30092.678,59308.69,48.891,Africa
South America,NA,2019,210376.84,216822.585,427199.425,24.466,South America
South America,NA,2020,212083.073,218676.699,430759.772,24.67,South America
South Sudan,SSD,2019,5536.53,5525.584,11062.114,18.106,Africa
South Sudan,SSD,2020,5603.014,5590.715,11193.729,18.322,Africa
Spain,ESP,2019,22960.648,23776.134,46736.782,93.698,Europe
Spain,ESP,2020,22978.338,23776.445,46754.783,93.735,Europe
Sri Lanka,LKA,2019,10233.415,11090.319,21323.734,340.037,Asia
Sri Lanka,LKA,2020,10267.351,11145.899,21413.25,341.465,Asia
Palestinian Territories,PSE,2019,2526.35,2455.072,4981.422,827.479,Asia
Palestinian Territories,PSE,2020,2586.971,2514.445,5101.416,847.411,Asia
Sudan,SDN,2019,21387.956,21425.281,42813.237,24.256,Africa
Sudan,SDN,2020,21907.295,21941.974,43849.269,24.843,Africa
Suriname,SUR,2019,292.255,289.108,581.363,3.727,Americas
Suriname,SUR,2020,294.822,291.812,586.634,3.76,Americas
Sweden,SWE,2019,5025.597,5010.794,10036.391,24.459,Europe
Sweden,SWE,2020,5058.947,5040.323,10099.27,24.612,Europe
Switzerland,CHE,2019,4260.661,4330.7,8591.361,217.415,Europe
Switzerland,CHE,2020,4293.648,4360.97,8654.618,219.016,Europe
Syria,SYR,2019,8554.55,8515.582,17070.132,92.959,Asia
Syria,SYR,2020,8760.065,8740.592,17500.657,95.304,Asia
Tajikistan,TJK,2019,4697.953,4623.07,9321.023,66.598,Asia
Tajikistan,TJK,2020,4805.738,4731.904,9537.642,68.145,Asia
Thailand,THA,2019,33904.846,35720.735,69625.581,136.283,Asia
Thailand,THA,2020,33966.06,35833.918,69799.978,136.624,Asia
Timor-Leste,TLS,2019,653.507,639.613,1293.12,86.962,Asia
Timor-Leste,TLS,2020,666.242,652.2,1318.442,88.665,Asia
Togo,TGO,2019,4020.646,4061.713,8082.359,148.6,Africa
Togo,TGO,2020,4119.404,4159.333,8278.737,152.211,Africa
Tokelau,TKL,2019,NA,NA,1.33,133,Oceania
Tokelau,TKL,2020,NA,NA,1.35,135,Oceania
Tonga,TON,2019,52.286,52.211,104.497,145.135,Oceania
Tonga,TON,2020,52.904,52.793,105.697,146.801,Oceania
Trinidad & Tobago,TTO,2019,688.982,705.987,1394.969,271.924,Americas
Trinidad & Tobago,TTO,2020,690.947,708.544,1399.491,272.805,Americas
Tunisia,TUN,2019,5797.98,5896.741,11694.721,75.275,Africa
Tunisia,TUN,2020,5860.752,5957.866,11818.618,76.072,Africa
Turkey,TUR,2019,41173.709,42255.898,83429.607,108.402,Asia
Turkey,TUR,2020,41636.125,42702.942,84339.067,109.584,Asia
Turkmenistan,TKM,2019,2925.688,3016.406,5942.094,12.645,Asia
Turkmenistan,TKM,2020,2969.31,3061.877,6031.187,12.834,Asia
Turks & Caicos Islands,TCA,2019,NA,NA,38.194,40.204,Americas
Turks & Caicos Islands,TCA,2020,NA,NA,38.718,40.756,Americas
Tuvalu,TUV,2019,NA,NA,11.655,388.5,Oceania
Tuvalu,TUV,2020,NA,NA,11.792,393.067,Oceania
Uganda,UGA,2019,21807.166,22462.421,44269.587,221.558,Africa
Uganda,UGA,2020,22546.589,23194.411,45741,228.922,Africa
Ukraine,UKR,2019,20379.023,23614.62,43993.643,75.94,Europe
Ukraine,UKR,2020,20263.148,23470.611,43733.759,75.492,Europe
United Arab Emirates,ARE,2019,6766.806,3003.72,9770.526,116.872,Asia
United Arab Emirates,ARE,2020,6836.349,3054.051,9890.4,118.306,Asia
United Kingdom,GBR,2019,33351.435,34178.726,67530.161,279.131,Europe
United Kingdom,GBR,2020,33542.415,34343.589,67886.004,280.602,Europe
United Kingdom,GBR,2019,33605.728,34439.971,68045.699,264.934,Europe
United Kingdom,GBR,2020,33798.469,34606.62,68405.089,266.333,Europe
Tanzania,TZA,2019,28980.621,29024.84,58005.461,65.484,Africa
Tanzania,TZA,2020,29851.108,29883.105,59734.213,67.435,Africa
United States,USA,2019,162826.299,166238.618,329064.917,35.974,Americas
United States,USA,2020,163786.016,167216.631,331002.647,36.185,Americas
United States,USA,2019,164409.733,167972.987,332382.72,36.295,Americas
United States,USA,2020,165333.673,168915.774,334249.447,36.499,Americas
U.S. Virgin Islands,VIR,2019,49.704,54.875,104.579,298.797,Americas
U.S. Virgin Islands,VIR,2020,49.601,54.822,104.423,298.351,Americas
Uruguay,URY,2019,1671.889,1789.842,3461.731,19.779,Americas
Uruguay,URY,2020,1678.336,1795.391,3473.727,19.848,Americas
Uzbekistan,UZB,2019,16450.116,16531.599,32981.715,77.531,Asia
Uzbekistan,UZB,2020,16696.918,16772.281,33469.199,78.677,Asia
Vanuatu,VUT,2019,152.038,147.844,299.882,24.601,Oceania
Vanuatu,VUT,2020,155.69,151.46,307.15,25.197,Oceania
Venezuela,VEN,2019,14045.228,14470.601,28515.829,32.329,Americas
Venezuela,VEN,2020,13984.932,14451.011,28435.943,32.238,Americas
Vietnam,VNM,2019,48151.352,48310.756,96462.108,311.098,Asia
Vietnam,VNM,2020,48598.254,48740.329,97338.583,313.925,Asia
Wallis & Futuna,WLF,2019,NA,NA,11.436,81.686,Oceania
Wallis & Futuna,WLF,2020,NA,NA,11.246,80.329,Oceania
Western Sahara,ESH,2019,304.755,277.703,582.458,2.19,Africa
Western Sahara,ESH,2020,312.26,285.07,597.33,2.246,Africa
Yemen,YEM,2019,14692.284,14469.638,29161.922,55.234,Asia
Yemen,YEM,2020,15024.985,14800.983,29825.968,56.492,Asia
Zambia,ZMB,2019,8843.214,9017.82,17861.034,24.026,Africa
Zambia,ZMB,2020,9103.006,9280.95,18383.956,24.73,Africa
Zimbabwe,ZWE,2019,6983.353,7662.12,14645.473,37.858,Africa
Zimbabwe,ZWE,2020,7092.01,7770.917,14862.927,38.42,Africa
